{
    "fp": {
        "__ufloat__": true,
        "nominal_value": -0.0001986060954585395,
        "std_dev": 0.0002088590841090221
    },
    "t0": {
        "__ufloat__": true,
        "nominal_value": 59878.47949857042,
        "std_dev": 6.62169732095208e-05
    },
    "rp_rstar": {
        "__ufloat__": true,
        "nominal_value": 0.0843987845162916,
        "std_dev": 0.0003776433832161294
    },
    "a_rstar": {
        "__ufloat__": true,
        "nominal_value": 28.545387648000798,
        "std_dev": 0.2102319775340593
    },
    "p": {
        "__ufloat__": true,
        "nominal_value": 2.42179345673554,
        "std_dev": 2.2900693896765745e-07
    },
    "inc": {
        "__ufloat__": true,
        "nominal_value": 89.77863325797986,
        "std_dev": 0.11586995934244726
    },
    "esinw": {
        "__ufloat__": true,
        "nominal_value": -0.006406034532640723,
        "std_dev": 0.001862457231557001
    },
    "ecosw": {
        "__ufloat__": true,
        "nominal_value": 0.002022706289920546,
        "std_dev": 0.0020049858691033673
    },
    "pc1": {
        "__ufloat__": true,
        "nominal_value": -0.4421979442572328,
        "std_dev": 0.26813669170504906
    },
    "pc2": {
        "__ufloat__": true,
        "nominal_value": -0.5503369293454294,
        "std_dev": 0.19887980770233124
    },
    "pc3": {
        "__ufloat__": true,
        "nominal_value": 0.4314990041983343,
        "std_dev": 0.2715648401491418
    },
    "pc4": {
        "__ufloat__": true,
        "nominal_value": 0.20224869306896104,
        "std_dev": 0.31717091881589166
    },
    "pc5": {
        "__ufloat__": true,
        "nominal_value": -0.6135259023148154,
        "std_dev": 0.3098583934410817
    },
    "exp1": {
        "__ufloat__": true,
        "nominal_value": 0.0,
        "std_dev": 0.0
    },
    "exp2": {
        "__ufloat__": true,
        "nominal_value": 0.0,
        "std_dev": 0.0
    },
    "a": {
        "__ufloat__": true,
        "nominal_value": -0.029487388434165478,
        "std_dev": 0.0040346078379106115
    },
    "b": {
        "__ufloat__": true,
        "nominal_value": 0.0021008229348939266,
        "std_dev": 0.00038132963100118134
    },
    "y_err": {
        "__ufloat__": true,
        "nominal_value": 0.001001199792668256,
        "std_dev": 4.275298218452177e-05
    },
    "auto_corr": 212.18016604492982
}