{
    "fp": {
        "__ufloat__": true,
        "nominal_value": 0.0005992074320576812,
        "std_dev": 0.00021670386886855645
    },
    "t0": {
        "__ufloat__": true,
        "nominal_value": 59902.60217186542,
        "std_dev": 4.606830043485388e-05
    },
    "rp_rstar": {
        "__ufloat__": true,
        "nominal_value": 0.08590057504560933,
        "std_dev": 0.0003762487862369254
    },
    "a_rstar": {
        "__ufloat__": true,
        "nominal_value": 20.839566228321793,
        "std_dev": 0.15608480822261583
    },
    "p": {
        "__ufloat__": true,
        "nominal_value": 1.5108843177310574,
        "std_dev": 1.4809571902141272e-07
    },
    "inc": {
        "__ufloat__": true,
        "nominal_value": 89.72561937470076,
        "std_dev": 0.16345192225473681
    },
    "esinw": {
        "__ufloat__": true,
        "nominal_value": -0.0023559881595958078,
        "std_dev": 0.0035919048147974187
    },
    "ecosw": {
        "__ufloat__": true,
        "nominal_value": -0.0011021165630604583,
        "std_dev": 0.003157665693976403
    },
    "pc1": {
        "__ufloat__": true,
        "nominal_value": 1.5659322944323824,
        "std_dev": 0.2351944123399179
    },
    "pc2": {
        "__ufloat__": true,
        "nominal_value": 0.3870976645764721,
        "std_dev": 0.19237847332961083
    },
    "pc3": {
        "__ufloat__": true,
        "nominal_value": 0.012329314394704617,
        "std_dev": 0.30046022459994737
    },
    "pc4": {
        "__ufloat__": true,
        "nominal_value": 0.7406597196196021,
        "std_dev": 0.2970119052229893
    },
    "pc5": {
        "__ufloat__": true,
        "nominal_value": 0.3129273366669628,
        "std_dev": 0.3154083441818757
    },
    "exp1": {
        "__ufloat__": true,
        "nominal_value": 0.0,
        "std_dev": 0.0
    },
    "exp2": {
        "__ufloat__": true,
        "nominal_value": 0.0,
        "std_dev": 0.0
    },
    "a": {
        "__ufloat__": true,
        "nominal_value": -0.00010124091684281732,
        "std_dev": 0.002168533917780166
    },
    "b": {
        "__ufloat__": true,
        "nominal_value": -0.00043473792691179014,
        "std_dev": 0.0002805109810808432
    },
    "y_err": {
        "__ufloat__": true,
        "nominal_value": 0.0010692707151762249,
        "std_dev": 4.0546645575811045e-05
    },
    "auto_corr": 228.83858927195837
}