{
    "fp": {
        "__ufloat__": true,
        "nominal_value": 0.0008635121643850094,
        "std_dev": 9.113649254547588e-05
    },
    "rp_rstar": {
        "__ufloat__": true,
        "nominal_value": 0.0859,
        "std_dev": 0.0
    },
    "a_rstar": {
        "__ufloat__": true,
        "nominal_value": 20.843,
        "std_dev": 0.0
    },
    "p": {
        "__ufloat__": true,
        "nominal_value": 1.51088432,
        "std_dev": 0.0
    },
    "inc": {
        "__ufloat__": true,
        "nominal_value": 89.728,
        "std_dev": 0.0
    },
    "ecc": {
        "__ufloat__": true,
        "nominal_value": 0.008196285561119926,
        "std_dev": 0.0022629914680381527
    },
    "w": {
        "__ufloat__": true,
        "nominal_value": 242.10401583925872,
        "std_dev": 9.498576546858118
    },
    "pc1_0": {
        "__ufloat__": true,
        "nominal_value": 1.6324305476719454,
        "std_dev": 0.27486964519903734
    },
    "pc2_0": {
        "__ufloat__": true,
        "nominal_value": 0.649370416043388,
        "std_dev": 0.25383059734054414
    },
    "pc3_0": {
        "__ufloat__": true,
        "nominal_value": 0.853155854686672,
        "std_dev": 0.6040047140515094
    },
    "pc4_0": {
        "__ufloat__": true,
        "nominal_value": -0.04866521811728211,
        "std_dev": 0.5524485586051056
    },
    "pc5_0": {
        "__ufloat__": true,
        "nominal_value": 0.15997208675656263,
        "std_dev": 0.5747022121385585
    },
    "exp1_0": {
        "__ufloat__": true,
        "nominal_value": 0.0,
        "std_dev": 0.0
    },
    "exp2_0": {
        "__ufloat__": true,
        "nominal_value": 0.0,
        "std_dev": 0.0
    },
    "a_0": {
        "__ufloat__": true,
        "nominal_value": -0.003433308628070506,
        "std_dev": 0.002479753733087244
    },
    "b_0": {
        "__ufloat__": true,
        "nominal_value": -0.0003519899263267774,
        "std_dev": 0.0002479112070842336
    },
    "pc1_1": {
        "__ufloat__": true,
        "nominal_value": -0.30137395148639734,
        "std_dev": 0.35876889286280483
    },
    "pc2_1": {
        "__ufloat__": true,
        "nominal_value": -0.1664065091613475,
        "std_dev": 0.3093365159679014
    },
    "pc3_1": {
        "__ufloat__": true,
        "nominal_value": 0.48916137989559766,
        "std_dev": 0.5427381088379972
    },
    "pc4_1": {
        "__ufloat__": true,
        "nominal_value": 0.5681492989326657,
        "std_dev": 0.5975373179044206
    },
    "pc5_1": {
        "__ufloat__": true,
        "nominal_value": 1.0807719196198455,
        "std_dev": 0.6593579238864212
    },
    "exp1_1": {
        "__ufloat__": true,
        "nominal_value": 0.0,
        "std_dev": 0.0
    },
    "exp2_1": {
        "__ufloat__": true,
        "nominal_value": 0.0,
        "std_dev": 0.0
    },
    "a_1": {
        "__ufloat__": true,
        "nominal_value": -0.013183616220307543,
        "std_dev": 0.003286076078014603
    },
    "b_1": {
        "__ufloat__": true,
        "nominal_value": 0.0003695964159011241,
        "std_dev": 0.0003093682956452567
    },
    "pc1_2": {
        "__ufloat__": true,
        "nominal_value": 1.7160284053052142,
        "std_dev": 0.4873221612057067
    },
    "pc2_2": {
        "__ufloat__": true,
        "nominal_value": 0.10984836337547524,
        "std_dev": 0.32818171559473336
    },
    "pc3_2": {
        "__ufloat__": true,
        "nominal_value": 0.3217597636321758,
        "std_dev": 0.4552658357331697
    },
    "pc4_2": {
        "__ufloat__": true,
        "nominal_value": 0.6115523439469286,
        "std_dev": 0.5999392493436959
    },
    "pc5_2": {
        "__ufloat__": true,
        "nominal_value": 1.710600455551233,
        "std_dev": 0.7780390635616331
    },
    "exp1_2": {
        "__ufloat__": true,
        "nominal_value": 0.0,
        "std_dev": 0.0
    },
    "exp2_2": {
        "__ufloat__": true,
        "nominal_value": 0.0,
        "std_dev": 0.0
    },
    "a_2": {
        "__ufloat__": true,
        "nominal_value": 0.0012393025293509004,
        "std_dev": 0.004876681289037567
    },
    "b_2": {
        "__ufloat__": true,
        "nominal_value": -0.0007776719862640724,
        "std_dev": 0.00044778852494663495
    },
    "pc1_3": {
        "__ufloat__": true,
        "nominal_value": 1.8747403636385431,
        "std_dev": 0.40361373095626185
    },
    "pc2_3": {
        "__ufloat__": true,
        "nominal_value": -0.7691243320750072,
        "std_dev": 0.35044648605797735
    },
    "pc3_3": {
        "__ufloat__": true,
        "nominal_value": 0.45770640624316317,
        "std_dev": 0.5701515564538417
    },
    "pc4_3": {
        "__ufloat__": true,
        "nominal_value": 0.6485449282066293,
        "std_dev": 0.6398262070795493
    },
    "pc5_3": {
        "__ufloat__": true,
        "nominal_value": 0.45033356654769474,
        "std_dev": 0.6878941487613299
    },
    "exp1_3": {
        "__ufloat__": true,
        "nominal_value": 0.0,
        "std_dev": 0.0
    },
    "exp2_3": {
        "__ufloat__": true,
        "nominal_value": 0.0,
        "std_dev": 0.0
    },
    "a_3": {
        "__ufloat__": true,
        "nominal_value": -0.004432772075374789,
        "std_dev": 0.003699737486400092
    },
    "b_3": {
        "__ufloat__": true,
        "nominal_value": -0.00018551205456971976,
        "std_dev": 0.0003354528001333269
    },
    "pc1_4": {
        "__ufloat__": true,
        "nominal_value": 1.487011753763153,
        "std_dev": 0.29281339805775575
    },
    "pc2_4": {
        "__ufloat__": true,
        "nominal_value": 0.5385384732811507,
        "std_dev": 0.36550927282286316
    },
    "pc3_4": {
        "__ufloat__": true,
        "nominal_value": 0.5938995814551764,
        "std_dev": 0.6097383588647503
    },
    "pc4_4": {
        "__ufloat__": true,
        "nominal_value": 0.3412537084777596,
        "std_dev": 0.6100165585322543
    },
    "pc5_4": {
        "__ufloat__": true,
        "nominal_value": -0.4984033585643124,
        "std_dev": 0.7212625029003534
    },
    "exp1_4": {
        "__ufloat__": true,
        "nominal_value": 0.0,
        "std_dev": 0.0
    },
    "exp2_4": {
        "__ufloat__": true,
        "nominal_value": 0.0,
        "std_dev": 0.0
    },
    "a_4": {
        "__ufloat__": true,
        "nominal_value": -0.005679498695758626,
        "std_dev": 0.0031821069497671656
    },
    "b_4": {
        "__ufloat__": true,
        "nominal_value": 3.35791754443334e-05,
        "std_dev": 0.0003122950457322134
    },
    "y_err": {
        "__ufloat__": true,
        "nominal_value": 0.000555874314015395,
        "std_dev": 1.9730720718347445e-05
    },
    "auto_corr": 1079.5529871877593
}