{
    "fp": {
        "__ufloat__": true,
        "nominal_value": 0.0007801914145770116,
        "std_dev": 0.00019051289572925655
    },
    "t0": {
        "__ufloat__": true,
        "nominal_value": 59890.51516298494,
        "std_dev": 4.6371278585866094e-05
    },
    "rp_rstar": {
        "__ufloat__": true,
        "nominal_value": 0.08590169793464003,
        "std_dev": 0.00036369193285315515
    },
    "a_rstar": {
        "__ufloat__": true,
        "nominal_value": 20.83915584981223,
        "std_dev": 0.15436362254403058
    },
    "p": {
        "__ufloat__": true,
        "nominal_value": 1.5108843193792163,
        "std_dev": 1.4956558869183567e-07
    },
    "inc": {
        "__ufloat__": true,
        "nominal_value": 89.7306862075688,
        "std_dev": 0.1639989017479948
    },
    "esinw": {
        "__ufloat__": true,
        "nominal_value": -0.0023200015178846695,
        "std_dev": 0.00361196087168047
    },
    "ecosw": {
        "__ufloat__": true,
        "nominal_value": -0.0022046624756122354,
        "std_dev": 0.001492893793715562
    },
    "pc1": {
        "__ufloat__": true,
        "nominal_value": 1.216206686360424,
        "std_dev": 0.2075224581210221
    },
    "pc2": {
        "__ufloat__": true,
        "nominal_value": 0.4002208897184377,
        "std_dev": 0.1633212411058411
    },
    "pc3": {
        "__ufloat__": true,
        "nominal_value": 0.7255330928965724,
        "std_dev": 0.2788257475801569
    },
    "pc4": {
        "__ufloat__": true,
        "nominal_value": 0.22363832454687174,
        "std_dev": 0.2974476093615408
    },
    "pc5": {
        "__ufloat__": true,
        "nominal_value": 0.050241269757539286,
        "std_dev": 0.3106884630923688
    },
    "exp1": {
        "__ufloat__": true,
        "nominal_value": 0.0,
        "std_dev": 0.0
    },
    "exp2": {
        "__ufloat__": true,
        "nominal_value": 0.0,
        "std_dev": 0.0
    },
    "a": {
        "__ufloat__": true,
        "nominal_value": -0.006337936597903264,
        "std_dev": 0.0018766806625581992
    },
    "b": {
        "__ufloat__": true,
        "nominal_value": -1.0585341271608054e-05,
        "std_dev": 0.0002612457128133227
    },
    "y_err": {
        "__ufloat__": true,
        "nominal_value": 0.0010405297944851223,
        "std_dev": 3.992385186723222e-05
    },
    "auto_corr": 253.42611808100986
}