{
    "fp": {
        "__ufloat__": true,
        "nominal_value": 0.0010334394940323727,
        "std_dev": 0.0001928521921701976
    },
    "t0": {
        "__ufloat__": true,
        "nominal_value": 59895.04803480589,
        "std_dev": 5.028478699387051e-05
    },
    "rp_rstar": {
        "__ufloat__": true,
        "nominal_value": 0.08590388317952899,
        "std_dev": 0.000368929628111421
    },
    "a_rstar": {
        "__ufloat__": true,
        "nominal_value": 20.823643893946443,
        "std_dev": 0.15412599212937117
    },
    "p": {
        "__ufloat__": true,
        "nominal_value": 1.5108843218462118,
        "std_dev": 1.4975134632333464e-07
    },
    "inc": {
        "__ufloat__": true,
        "nominal_value": 89.74246784906737,
        "std_dev": 0.15829363860172663
    },
    "ecc": {
        "__ufloat__": true,
        "nominal_value": 0.007910984897889994,
        "std_dev": 0.0024439706815287594
    },
    "w": {
        "__ufloat__": true,
        "nominal_value": 243.02898194173696,
        "std_dev": 11.052685866685394
    },
    "pc1": {
        "__ufloat__": true,
        "nominal_value": 0.21289801019415638,
        "std_dev": 0.20582314902704862
    },
    "pc2": {
        "__ufloat__": true,
        "nominal_value": 0.10827394593639136,
        "std_dev": 0.19918681747619932
    },
    "pc3": {
        "__ufloat__": true,
        "nominal_value": 0.6507158342050076,
        "std_dev": 0.30434219879737434
    },
    "pc4": {
        "__ufloat__": true,
        "nominal_value": 0.14126020630522013,
        "std_dev": 0.2981835739486165
    },
    "pc5": {
        "__ufloat__": true,
        "nominal_value": 0.4371604086491184,
        "std_dev": 0.36189624807520016
    },
    "exp1": {
        "__ufloat__": true,
        "nominal_value": 0.0,
        "std_dev": 0.0
    },
    "exp2": {
        "__ufloat__": true,
        "nominal_value": 0.0,
        "std_dev": 0.0
    },
    "a": {
        "__ufloat__": true,
        "nominal_value": -0.009094535753095968,
        "std_dev": 0.002183914808731806
    },
    "b": {
        "__ufloat__": true,
        "nominal_value": -0.000143511551522932,
        "std_dev": 0.00028120820238970474
    },
    "y_err": {
        "__ufloat__": true,
        "nominal_value": 0.0010493111402447449,
        "std_dev": 4.03301807906588e-05
    },
    "auto_corr": 371.2837356558353
}